Origin Movement ID,Origin Display Name,Destination Movement ID,Destination Display Name,Date Range,Mean Travel Time (Seconds),Range - Lower Bound Travel Time (Seconds),Range - Upper Bound Travel Time (Seconds)
89,"0 Museum Road, Shanthala Nagar, Ashok Nagar, Bengaluru",1,"Unnamed Road, Bengaluru","3/1/2019 - 3/31/2019, Every day, Daily Average",2439,1791,3320
89,"0 Museum Road, Shanthala Nagar, Ashok Nagar, Bengaluru",2,"9th Cross Bhel Layout, Adityanagar, Vidyaranyapura, Bengaluru","3/1/2019 - 3/31/2019, Every day, Daily Average",2416,1762,3312
89,"0 Museum Road, Shanthala Nagar, Ashok Nagar, Bengaluru",3,"15th A Cross Road, Yelahanka Satellite Town, Yelahanka, Bengaluru","3/1/2019 - 3/31/2019, Every day, Daily Average",2196,1586,3039
89,"0 Museum Road, Shanthala Nagar, Ashok Nagar, Bengaluru",4,"SP Naidu Layout 4th Cross Street, SP Naidu Layout, Dooravani Nagar, Bengaluru","3/1/2019 - 3/31/2019, Every day, Daily Average",1704,1189,2441
89,"0 Museum Road, Shanthala Nagar, Ashok Nagar, Bengaluru",5,"Medahalli Kadugodi Road, Bharathi Nagar, Krishnarajapura, Bengaluru","3/1/2019 - 3/31/2019, Every day, Daily Average",2247,1594,3166
89,"0 Museum Road, Shanthala Nagar, Ashok Nagar, Bengaluru",6,"0 Kodigehalli Main Road, Kodigehalli, Krishnarajapura, Bengaluru","3/1/2019 - 3/31/2019, Every day, Daily Average",2720,1939,3813
89,"0 Museum Road, Shanthala Nagar, Ashok Nagar, Bengaluru",7,"Justice Bheemiah Layout 1st Main Road, Roshan Nagar, Krishnarajapura, Bengaluru","3/1/2019 - 3/31/2019, Every day, Daily Average",1918,1329,2766
89,"0 Museum Road, Shanthala Nagar, Ashok Nagar, Bengaluru",8,"100 2nd Cross Road, A Narayanapura, Mottappa Compound, Udaya Nagar, Mahadevapura, Bengaluru","3/1/2019 - 3/31/2019, Every day, Daily Average",1540,1054,2249
89,"0 Museum Road, Shanthala Nagar, Ashok Nagar, Bengaluru",9,"Ranganatha Layout, Ranganatha Layout, Mahadevapura, Bengaluru","3/1/2019 - 3/31/2019, Every day, Daily Average",1901,1330,2715
89,"0 Museum Road, Shanthala Nagar, Ashok Nagar, Bengaluru",10,"HAL Old Airport Road, HAL Airport Area, HAL, Bengaluru","3/1/2019 - 3/31/2019, Every day, Daily Average",1284,901,1829
89,"0 Museum Road, Shanthala Nagar, Ashok Nagar, Bengaluru",11,"Vidyaranyapura Road, Bengaluru","3/1/2019 - 3/31/2019, Every day, Daily Average",2077,1499,2877
89,"0 Museum Road, Shanthala Nagar, Ashok Nagar, Bengaluru",12,"5th Main Singapura Layout, Bengaluru","3/1/2019 - 3/31/2019, Every day, Daily Average",2433,1802,3283
89,"0 Museum Road, Shanthala Nagar, Ashok Nagar, Bengaluru",13,"0 8th Cross Road, Yelahanka, Bengaluru","3/1/2019 - 3/31/2019, Every day, Daily Average",1901,1305,2768
89,"0 Museum Road, Shanthala Nagar, Ashok Nagar, Bengaluru",14,"Manyata Tech Park Road, Manyata Residency, Manayata Tech Park, Thanisandra, Bengaluru","3/1/2019 - 3/31/2019, Every day, Daily Average",2195,1607,2997
89,"0 Museum Road, Shanthala Nagar, Ashok Nagar, Bengaluru",15,"0 Amruthahalli Main Road, Talacauvery Layout, Sharada Nagar, Sneha Nagar, Byatarayanapura, Bengaluru","3/1/2019 - 3/31/2019, Every day, Daily Average",1583,1047,2392
89,"0 Museum Road, Shanthala Nagar, Ashok Nagar, Bengaluru",16,"Gulmohar Residency, 6th A Cross Road, Bhadrappa Layout, Koti Hosahalli, Bengaluru","3/1/2019 - 3/31/2019, Every day, Daily Average",1482,960,2285
89,"0 Museum Road, Shanthala Nagar, Ashok Nagar, Bengaluru",17,"GKVK Road, Vignana Kendra, Bengaluru","3/1/2019 - 3/31/2019, Every day, Daily Average",2401,1758,3278
89,"0 Museum Road, Shanthala Nagar, Ashok Nagar, Bengaluru",18,"1188, Sir M Vishweshwaraiah Layout 6th Block, Vishveshwaraya Nagar, Bengaluru","3/1/2019 - 3/31/2019, Every day, Daily Average",2286,1674,3120
89,"0 Museum Road, Shanthala Nagar, Ashok Nagar, Bengaluru",19,"3rd Cross Road, Stage II, Kengeri Satellite Town, Bengaluru","3/1/2019 - 3/31/2019, Every day, Daily Average",2081,1350,3205
89,"0 Museum Road, Shanthala Nagar, Ashok Nagar, Bengaluru",20,"0 Thigalarapalya Main Road, Peenya 2nd Stage, Vaddarapalya, Ragavendra Industrial Estate, Karihobanahalli","3/1/2019 - 3/31/2019, Every day, Daily Average",2838,1974,4078
89,"0 Museum Road, Shanthala Nagar, Ashok Nagar, Bengaluru",21,"Magadi Main Road, BEL Layout, 1st Stage, Bharat Nagar, Bengaluru","3/1/2019 - 3/31/2019, Every day, Daily Average",2482,1819,3385
89,"0 Museum Road, Shanthala Nagar, Ashok Nagar, Bengaluru",22,"Tata Aquila Heights, HMT Estate, Jalahalli, Bengaluru","3/1/2019 - 3/31/2019, Every day, Daily Average",2179,1573,3016
89,"0 Museum Road, Shanthala Nagar, Ashok Nagar, Bengaluru",23,"300 43rd Main Road, Jawaregowda Nagar, Javarandoddi, RR Nagar, Bengaluru","3/1/2019 - 3/31/2019, Every day, Daily Average",1702,1141,2537
89,"0 Museum Road, Shanthala Nagar, Ashok Nagar, Bengaluru",24,"0 7th D Main Road, Bandappa Garden, Mathikere, Bengaluru","3/1/2019 - 3/31/2019, Every day, Daily Average",2010,1446,2792
89,"0 Museum Road, Shanthala Nagar, Ashok Nagar, Bengaluru",25,"0 4th Cross Road, H Gurumurthy ReddyColony, Yeshwanthpur, Bengaluru","3/1/2019 - 3/31/2019, Every day, Daily Average",1750,1209,2532
89,"0 Museum Road, Shanthala Nagar, Ashok Nagar, Bengaluru",26,"700 Ashwath Katte Road, Yeshwanthpur Suburb II Stage, Peenya, Peenya, Bengaluru","3/1/2019 - 3/31/2019, Every day, Daily Average",1816,1256,2624
89,"0 Museum Road, Shanthala Nagar, Ashok Nagar, Bengaluru",27,"Ramanjaneya Temple Road, Jenakal Siddeswara Nagar, Nandini Layout, Bengaluru","3/1/2019 - 3/31/2019, Every day, Daily Average",1963,1378,2794
89,"0 Museum Road, Shanthala Nagar, Ashok Nagar, Bengaluru",28,"0 17th Main Road, Narasimhaswamy Nagar, Laggere, Bengaluru","3/1/2019 - 3/31/2019, Every day, Daily Average",2517,1781,3555
89,"0 Museum Road, Shanthala Nagar, Ashok Nagar, Bengaluru",29,"Service Road, Papreddy Palya, 2nd Stage, Nagarbhavi, Bengaluru","3/1/2019 - 3/31/2019, Every day, Daily Average",2049,1458,2878
89,"0 Museum Road, Shanthala Nagar, Ashok Nagar, Bengaluru",30,"Kammagondana Halli Road, Srikrupa Layout, Abbigere, Abbigere, Bengaluru","3/1/2019 - 3/31/2019, Every day, Daily Average",2744,2010,3744
89,"0 Museum Road, Shanthala Nagar, Ashok Nagar, Bengaluru",31,"3rd Main, Shetty Halli, Jalahalli West, Bengaluru","3/1/2019 - 3/31/2019, Every day, Daily Average",2738,2069,3621
89,"0 Museum Road, Shanthala Nagar, Ashok Nagar, Bengaluru",32,"Manjunath Nagar Main Road, Vijayalakshmi Layout, Manjunatha Nagar, Bagalakunte, Bengaluru","3/1/2019 - 3/31/2019, Every day, Daily Average",2617,1747,3919
89,"0 Museum Road, Shanthala Nagar, Ashok Nagar, Bengaluru",33,"0 1st Cross Road, Kalahasti Nagar, Prashanth Nagar, T. Dasarahalli, Bengaluru","3/1/2019 - 3/31/2019, Every day, Daily Average",2320,1577,3411
89,"0 Museum Road, Shanthala Nagar, Ashok Nagar, Bengaluru",34,"Andrahalli Main Road, Vidya Nagar, Peenya, Bengaluru","3/1/2019 - 3/31/2019, Every day, Daily Average",2368,1582,3543
89,"0 Museum Road, Shanthala Nagar, Ashok Nagar, Bengaluru",35,"400 12th Cross Road, Peenya Industrial Area Phase IV, Peenya, Bengaluru","3/1/2019 - 3/31/2019, Every day, Daily Average",2629,1955,3534
89,"0 Museum Road, Shanthala Nagar, Ashok Nagar, Bengaluru",36,"2nd Main Road, Rajagopala Nagar, Peenya, Bengaluru","3/1/2019 - 3/31/2019, Every day, Daily Average",2615,1717,3982
89,"0 Museum Road, Shanthala Nagar, Ashok Nagar, Bengaluru",37,"6th Cross Road, Lakshman Nagar, State Bank of India Colony, Bengaluru","3/1/2019 - 3/31/2019, Every day, Daily Average",2516,1752,3611
89,"0 Museum Road, Shanthala Nagar, Ashok Nagar, Bengaluru",38,"Sai Residency, Sannakki Bayalu, Vrishabha Nagar, Kamaksipalya, Bengaluru","3/1/2019 - 3/31/2019, Every day, Daily Average",2090,1408,3100
89,"0 Museum Road, Shanthala Nagar, Ashok Nagar, Bengaluru",39,"0 5th Cross Road, Panchadeep Colony, Nandini Layout, Bengaluru","3/1/2019 - 3/31/2019, Every day, Daily Average",2210,1589,3073
89,"0 Museum Road, Shanthala Nagar, Ashok Nagar, Bengaluru",40,"500 9th Cross, APMC Yard, Yeshwanthpur Industrial Suburb, Mahalakshmi Layout, Bengaluru","3/1/2019 - 3/31/2019, Every day, Daily Average",1664,1169,2368
89,"0 Museum Road, Shanthala Nagar, Ashok Nagar, Bengaluru",41,"Samartha Infosolutions, 3rd Main Road, West of Chord Road 2nd Stage, Nagapura, Bengaluru","3/1/2019 - 3/31/2019, Every day, Daily Average",1803,1311,2479
89,"0 Museum Road, Shanthala Nagar, Ashok Nagar, Bengaluru",42,"0 8th Cross Road, Satyanarayana Layout, Maruthi Nagar, Bengaluru","3/1/2019 - 3/31/2019, Every day, Daily Average",1959,1410,2721
89,"0 Museum Road, Shanthala Nagar, Ashok Nagar, Bengaluru",43,"Olety Heritage, 15th Main Road, Maruthi Nagar, Basaweshwara Nagar, Bengaluru","3/1/2019 - 3/31/2019, Every day, Daily Average",2059,1459,2903
89,"0 Museum Road, Shanthala Nagar, Ashok Nagar, Bengaluru",44,"100 18th Main Road, JC Nagar, Kurubarahalli, Basaweshwara Nagar, Bengaluru","3/1/2019 - 3/31/2019, Every day, Daily Average",2025,1424,2878
89,"0 Museum Road, Shanthala Nagar, Ashok Nagar, Bengaluru",45,"94, RMV 2nd Stage, Ashwath Nagar, Armane Nagar, Bengaluru","3/1/2019 - 3/31/2019, Every day, Daily Average",1100,695,1738
89,"0 Museum Road, Shanthala Nagar, Ashok Nagar, Bengaluru",46,"500 MD Rajsikhar Road, Gokula Extension, Mathikere Extension, Mathikere, Bengaluru","3/1/2019 - 3/31/2019, Every day, Daily Average",1866,1289,2700
89,"0 Museum Road, Shanthala Nagar, Ashok Nagar, Bengaluru",47,"18, Malleshwaram West, Bengaluru","3/1/2019 - 3/31/2019, Every day, Daily Average",1484,1025,2146
89,"0 Museum Road, Shanthala Nagar, Ashok Nagar, Bengaluru",48,"0 DB Street, M V Block, Guttahalli, Bengaluru","3/1/2019 - 3/31/2019, Every day, Daily Average",930,574,1504
89,"0 Museum Road, Shanthala Nagar, Ashok Nagar, Bengaluru",49,"49, Malleshwaram West, Bengaluru","3/1/2019 - 3/31/2019, Every day, Daily Average",1259,841,1883
89,"0 Museum Road, Shanthala Nagar, Ashok Nagar, Bengaluru",50,"2500 1st Main Road, E block, 2nd Stage, Rajaji Nagar, Bengaluru","3/1/2019 - 3/31/2019, Every day, Daily Average",1606,1138,2265
89,"0 Museum Road, Shanthala Nagar, Ashok Nagar, Bengaluru",51,"0 2nd Cross Road, Srirampura, Bengaluru","3/1/2019 - 3/31/2019, Every day, Daily Average",1373,946,1992
89,"0 Museum Road, Shanthala Nagar, Ashok Nagar, Bengaluru",52,"400 8th Cross Road, RMV 2nd Stage, Dollars Colony, R.M.V. 2nd Stage, Bengaluru","3/1/2019 - 3/31/2019, Every day, Daily Average",1701,1190,2430
89,"0 Museum Road, Shanthala Nagar, Ashok Nagar, Bengaluru",53,"0 6th B Cross Road, RMV, Stage 2, Sanjaynagar, Bengaluru","3/1/2019 - 3/31/2019, Every day, Daily Average",1713,1217,2410
89,"0 Museum Road, Shanthala Nagar, Ashok Nagar, Bengaluru",54,"Unnamed Road, Sanjaynagar, Bengaluru","3/1/2019 - 3/31/2019, Every day, Daily Average",1342,860,2092
89,"0 Museum Road, Shanthala Nagar, Ashok Nagar, Bengaluru",55,"Siroya Environ, Chola Nagar, Anandnagar, Hebbal, Bengaluru","3/1/2019 - 3/31/2019, Every day, Daily Average",1342,865,2080
89,"0 Museum Road, Shanthala Nagar, Ashok Nagar, Bengaluru",56,"Bhuwana Siri Apartments, 10th A Cross Road, Kanaka Nagar, Hebbal, Bengaluru","3/1/2019 - 3/31/2019, Every day, Daily Average",1828,1297,2575
89,"0 Museum Road, Shanthala Nagar, Ashok Nagar, Bengaluru",57,"557, Dinnur, Hebbal, Bengaluru","3/1/2019 - 3/31/2019, Every day, Daily Average",1524,1073,2163
89,"0 Museum Road, Shanthala Nagar, Ashok Nagar, Bengaluru",58,"Mandenda Nilayam, 5th Main Road, Ganga Nagar Extension, Ganga Nagar, Bengaluru","3/1/2019 - 3/31/2019, Every day, Daily Average",1223,784,1906
89,"0 Museum Road, Shanthala Nagar, Ashok Nagar, Bengaluru",59,"300 14th Cross Road, 2nd Block, RT Nagar, Bengaluru","3/1/2019 - 3/31/2019, Every day, Daily Average",1267,886,1810
89,"0 Museum Road, Shanthala Nagar, Ashok Nagar, Bengaluru",60,"400 Masjid Road, Kushal Nagar, Kadugondanahalli, Bengaluru","3/1/2019 - 3/31/2019, Every day, Daily Average",1585,1090,2303
89,"0 Museum Road, Shanthala Nagar, Ashok Nagar, Bengaluru",61,"1085, Shampura, Kaval Bairasandra, Bengaluru","3/1/2019 - 3/31/2019, Every day, Daily Average",1652,1163,2345
89,"0 Museum Road, Shanthala Nagar, Ashok Nagar, Bengaluru",62,"null4th Cross Road, Modi Garden, Kaval Bairasandra, Bengaluru","3/1/2019 - 3/31/2019, Every day, Daily Average",1365,955,1949
89,"0 Museum Road, Shanthala Nagar, Ashok Nagar, Bengaluru",63,"100 3rd Cross Road, Dubai Layout, Amar layout, Kaval Bairasandra, Bengaluru","3/1/2019 - 3/31/2019, Every day, Daily Average",1558,1102,2201
89,"0 Museum Road, Shanthala Nagar, Ashok Nagar, Bengaluru",64,"0 Davis Road, Sagayapura, Richards Town, Bengaluru","3/1/2019 - 3/31/2019, Every day, Daily Average",1109,780,1574
89,"0 Museum Road, Shanthala Nagar, Ashok Nagar, Bengaluru",65,"Masjid e Taqwa, S K Garden, Wahid Garden, Benson Town, Bengaluru","3/1/2019 - 3/31/2019, Every day, Daily Average",1243,870,1775
89,"0 Museum Road, Shanthala Nagar, Ashok Nagar, Bengaluru",66,"0 Coles Road, Cleveland Town, Pulikeshi Nagar, Bengaluru","3/1/2019 - 3/31/2019, Every day, Daily Average",832,558,1239
89,"0 Museum Road, Shanthala Nagar, Ashok Nagar, Bengaluru",67,"creative elegance, 2nd A Cross, Vyalikaval HBCS Layout, Nagavara, Bengaluru","3/1/2019 - 3/31/2019, Every day, Daily Average",2121,1555,2891
89,"0 Museum Road, Shanthala Nagar, Ashok Nagar, Bengaluru",68,"SRI NILAYAM #574, 15th Main Road, 5th Block, Telecom Layout, HBR Layout, Bengaluru","3/1/2019 - 3/31/2019, Every day, Daily Average",1764,1212,2565
89,"0 Museum Road, Shanthala Nagar, Ashok Nagar, Bengaluru",69,"800 2nd Cross Road, HRBR Layout 1st Block, HRBR Layout, Kalyan Nagar, Bengaluru","3/1/2019 - 3/31/2019, Every day, Daily Average",1628,1145,2314
89,"0 Museum Road, Shanthala Nagar, Ashok Nagar, Bengaluru",70,"MM Buildings, Kammanahalli Main Road, Ramaswamipalya, Lingarajapuram, Bengaluru","3/1/2019 - 3/31/2019, Every day, Daily Average",1342,924,1947
89,"0 Museum Road, Shanthala Nagar, Ashok Nagar, Bengaluru",71,"300 3rd Cross Road, Indra Nagar, Kacharakanahalli, Bengaluru","3/1/2019 - 3/31/2019, Every day, Daily Average",1621,1114,2356
89,"0 Museum Road, Shanthala Nagar, Ashok Nagar, Bengaluru",72,"0 5th Cross Road, Vinobha Nagar, Kadugondanahalli, Bengaluru","3/1/2019 - 3/31/2019, Every day, Daily Average",1695,1205,2383
89,"0 Museum Road, Shanthala Nagar, Ashok Nagar, Bengaluru",73,"0 Lokesh Tent Main Road, Lingarajapura Village, Lingarajapuram, Bengaluru","3/1/2019 - 3/31/2019, Every day, Daily Average",1335,929,1917
89,"0 Museum Road, Shanthala Nagar, Ashok Nagar, Bengaluru",74,"Saijothi, 1st Cross Road, D Costa Layout, Cooke Town, Bengaluru","3/1/2019 - 3/31/2019, Every day, Daily Average",1121,785,1599
89,"0 Museum Road, Shanthala Nagar, Ashok Nagar, Bengaluru",75,"Oxford Spires, Rustum Bagh Main Road, Rustam Bagh Layout, Bengaluru","3/1/2019 - 3/31/2019, Every day, Daily Average",913,622,1338
89,"0 Museum Road, Shanthala Nagar, Ashok Nagar, Bengaluru",76,"0 1st Cross Road, Sadanandanagar, Bennigana Halli, Bengaluru","3/1/2019 - 3/31/2019, Every day, Daily Average",1263,856,1861
89,"0 Museum Road, Shanthala Nagar, Ashok Nagar, Bengaluru",77,"C6/10, C6/10, 1st Phase, C V Raman Nagar, Bengaluru","3/1/2019 - 3/31/2019, Every day, Daily Average",1291,870,1915
89,"0 Museum Road, Shanthala Nagar, Ashok Nagar, Bengaluru",78,"Lalit Residency, 1st Cross Street, HAL 3rd Stage, Bhoomi Reddy Colony, New Tippasandra, Bengaluru","3/1/2019 - 3/31/2019, Every day, Daily Average",1150,783,1687
89,"0 Museum Road, Shanthala Nagar, Ashok Nagar, Bengaluru",79,"Saint Johns Church Cemetry Road, Kalhalli, Ulsoor, Bengaluru","3/1/2019 - 3/31/2019, Every day, Daily Average",828,533,1284
89,"0 Museum Road, Shanthala Nagar, Ashok Nagar, Bengaluru",80,"25/6, Indira Nagar 1st Stage, Stage 1, Indiranagar, Bengaluru","3/1/2019 - 3/31/2019, Every day, Daily Average",791,508,1230
89,"0 Museum Road, Shanthala Nagar, Ashok Nagar, Bengaluru",81,"Pavan Enclave, 16th B Main Road, HAL 2nd Stage, Kodihalli, Bengaluru","3/1/2019 - 3/31/2019, Every day, Daily Average",829,553,1242
89,"0 Museum Road, Shanthala Nagar, Ashok Nagar, Bengaluru",82,"0 Doctor Ambedkar Veedhi, Ambedkar Veedhi, Sampangi Rama Nagar, Bengaluru","3/1/2019 - 3/31/2019, Every day, Daily Average",380,173,830
89,"0 Museum Road, Shanthala Nagar, Ashok Nagar, Bengaluru",83,"0 3rd Cross Road, Munimarappa Garden, J.C.Nagar, Bengaluru","3/1/2019 - 3/31/2019, Every day, Daily Average",1295,897,1867
89,"0 Museum Road, Shanthala Nagar, Ashok Nagar, Bengaluru",84,"1st Cross Road, Nandi Durga Road Extension, Jayamahal, Bengaluru","3/1/2019 - 3/31/2019, Every day, Daily Average",885,557,1405
89,"0 Museum Road, Shanthala Nagar, Ashok Nagar, Bengaluru",85,"Kensington Road, Ulsoor, Bengaluru","3/1/2019 - 3/31/2019, Every day, Daily Average",351,136,900
89,"0 Museum Road, Shanthala Nagar, Ashok Nagar, Bengaluru",86,"0 Fruit Street Road, 1st Block, Bharati Nagar, Shivaji Nagar, Bengaluru","3/1/2019 - 3/31/2019, Every day, Daily Average",601,366,986
89,"0 Museum Road, Shanthala Nagar, Ashok Nagar, Bengaluru",87,"Barkat Manzil, Sulthangunta, Shivaji Nagar, Bengaluru","3/1/2019 - 3/31/2019, Every day, Daily Average",812,498,1323
89,"0 Museum Road, Shanthala Nagar, Ashok Nagar, Bengaluru",88,"0 Sankey Road, Abshot Layout, Vasanth Nagar, Bengaluru","3/1/2019 - 3/31/2019, Every day, Daily Average",737,452,1201
89,"0 Museum Road, Shanthala Nagar, Ashok Nagar, Bengaluru",89,"0 Museum Road, Shanthala Nagar, Ashok Nagar, Bengaluru","3/1/2019 - 3/31/2019, Every day, Daily Average",331,166,656
89,"0 Museum Road, Shanthala Nagar, Ashok Nagar, Bengaluru",90,"0 12th Cross Road, HAL 2nd Stage, Doopanahalli, Indiranagar, Bengaluru","3/1/2019 - 3/31/2019, Every day, Daily Average",691,446,1070
89,"0 Museum Road, Shanthala Nagar, Ashok Nagar, Bengaluru",91,"Intermediate Ring Road, Ejipura, Bengaluru","3/1/2019 - 3/31/2019, Every day, Daily Average",578,228,1464
89,"0 Museum Road, Shanthala Nagar, Ashok Nagar, Bengaluru",92,"100 Lower Agaram Road, Rose Garden, Vannarpet Layout, Viveka Nagar, Bengaluru","3/1/2019 - 3/31/2019, Every day, Daily Average",488,302,787
89,"0 Museum Road, Shanthala Nagar, Ashok Nagar, Bengaluru",93,"Rose Garden 7th A Cross, Rose Garden, Richard Xavier's colony, Neelasandra, Bengaluru","3/1/2019 - 3/31/2019, Every day, Daily Average",558,354,879
89,"0 Museum Road, Shanthala Nagar, Ashok Nagar, Bengaluru",94,"0 Hosur Road, Langford Town, Shanti Nagar, Bengaluru","3/1/2019 - 3/31/2019, Every day, Daily Average",329,126,855
89,"0 Museum Road, Shanthala Nagar, Ashok Nagar, Bengaluru",95,"0 4th Main Road, Lingayana Palya, Jogupalya, Bengaluru","3/1/2019 - 3/31/2019, Every day, Daily Average",590,357,974
89,"0 Museum Road, Shanthala Nagar, Ashok Nagar, Bengaluru",96,"0 DK Lane, Anchepet, Chickpet, Bengaluru","3/1/2019 - 3/31/2019, Every day, Daily Average",603,360,1008
89,"0 Museum Road, Shanthala Nagar, Ashok Nagar, Bengaluru",97,"200 12th Main Road, Keshava Nagar, Binnipete, Bengaluru","3/1/2019 - 3/31/2019, Every day, Daily Average",1328,883,1996
89,"0 Museum Road, Shanthala Nagar, Ashok Nagar, Bengaluru",98,"0 5th A Cross Road, Mariyappanapalya, Binnipete, Bengaluru","3/1/2019 - 3/31/2019, Every day, Daily Average",1368,936,1997
89,"0 Museum Road, Shanthala Nagar, Ashok Nagar, Bengaluru",99,"U/65/1, Malleshwaram West, Bengaluru","3/1/2019 - 3/31/2019, Every day, Daily Average",1230,835,1811
89,"0 Museum Road, Shanthala Nagar, Ashok Nagar, Bengaluru",100,"24, RK Puram, Gandhi Nagar, Bengaluru","3/1/2019 - 3/31/2019, Every day, Daily Average",788,497,1248
89,"0 Museum Road, Shanthala Nagar, Ashok Nagar, Bengaluru",101,"Bangalore City Junction Railway, M.G. Railway Colony, Sevashrama, Bengaluru","3/1/2019 - 3/31/2019, Every day, Daily Average",1051,682,1618
89,"0 Museum Road, Shanthala Nagar, Ashok Nagar, Bengaluru",102,"0 3rd Cross Road, 4N Block, Ramchandrapuram, Srirampura, Bengaluru","3/1/2019 - 3/31/2019, Every day, Daily Average",1245,847,1829
89,"0 Museum Road, Shanthala Nagar, Ashok Nagar, Bengaluru",103,"22/A, West Of Chord Road, 3rd Stage, Basaveshwar Nagar, Bengaluru","3/1/2019 - 3/31/2019, Every day, Daily Average",1853,1307,2626
89,"0 Museum Road, Shanthala Nagar, Ashok Nagar, Bengaluru",104,"0 4th Main Road, KHB Colony, Basaveshwar Nagar, Bengaluru","3/1/2019 - 3/31/2019, Every day, Daily Average",1995,1401,2839
89,"0 Museum Road, Shanthala Nagar, Ashok Nagar, Bengaluru",105,"Umamaheshwara Niwas, Bovi Colony, Basaveshwar Nagar, Bengaluru","3/1/2019 - 3/31/2019, Every day, Daily Average",1601,1127,2273
89,"0 Museum Road, Shanthala Nagar, Ashok Nagar, Bengaluru",106,"0 6th Cross Road, 4th M Block, Manjunath Nagar, Rajaji Nagar, Bengaluru","3/1/2019 - 3/31/2019, Every day, Daily Average",1374,948,1989
89,"0 Museum Road, Shanthala Nagar, Ashok Nagar, Bengaluru",107,"1400 6th Cross Road, Bashyam Nagar, Dayananda Nagar, Rajaji Nagar, Bengaluru","3/1/2019 - 3/31/2019, Every day, Daily Average",1349,897,2028
89,"0 Museum Road, Shanthala Nagar, Ashok Nagar, Bengaluru",108,"G/10, Mariappanapalya, Rajaji Nagar, Bengaluru","3/1/2019 - 3/31/2019, Every day, Daily Average",1344,919,1964
89,"0 Museum Road, Shanthala Nagar, Ashok Nagar, Bengaluru",109,"0 12th Main Road, 2nd Block, Basaveshwar Nagar, Bengaluru","3/1/2019 - 3/31/2019, Every day, Daily Average",1688,1180,2413
89,"0 Museum Road, Shanthala Nagar, Ashok Nagar, Bengaluru",110,"400 13th Cross Road, Govindaraja Nagar Ward, Cauvery Nagar, Vijaya Nagar, Bengaluru","3/1/2019 - 3/31/2019, Every day, Daily Average",1983,1390,2828
89,"0 Museum Road, Shanthala Nagar, Ashok Nagar, Bengaluru",111,"1700 5th Main Road, Govindaraja Nagar Ward, Govindarajanagar, Vijaya Nagar, Bengaluru","3/1/2019 - 3/31/2019, Every day, Daily Average",1800,1273,2543
89,"0 Museum Road, Shanthala Nagar, Ashok Nagar, Bengaluru",112,"0 17th A Cross Road, Agrahara Dasarahalli, Rajaji Nagar, Bengaluru","3/1/2019 - 3/31/2019, Every day, Daily Average",1735,1214,2477
89,"0 Museum Road, Shanthala Nagar, Ashok Nagar, Bengaluru",113,"Colorado, Rajaji Nagar Industrial Town, Rajaji Nagar, Bengaluru","3/1/2019 - 3/31/2019, Every day, Daily Average",1557,1077,2249
89,"0 Museum Road, Shanthala Nagar, Ashok Nagar, Bengaluru",114,"0 16th Main Road, CHBS Layout, Stage 2, Vijaya Nagar, Bengaluru","3/1/2019 - 3/31/2019, Every day, Daily Average",1777,1263,2498
89,"0 Museum Road, Shanthala Nagar, Ashok Nagar, Bengaluru",115,"200 6th Cross Road, Govindaraja Nagar Ward, GKW Layout, Vijaya Nagar, Bengaluru","3/1/2019 - 3/31/2019, Every day, Daily Average",1769,1241,2520
89,"0 Museum Road, Shanthala Nagar, Ashok Nagar, Bengaluru",116,"0 Manjunatha Talkies Road, Sanjivini Nagara, Govindarajanagar, Vijaya Nagar, Bengaluru","3/1/2019 - 3/31/2019, Every day, Daily Average",2045,1460,2864
89,"0 Museum Road, Shanthala Nagar, Ashok Nagar, Bengaluru",117,"1600 14th Cross Road, Nagarbhavi 1st Stage, BDA Lay Out, Chandra Layout, Bengaluru","3/1/2019 - 3/31/2019, Every day, Daily Average",1725,1224,2430
89,"0 Museum Road, Shanthala Nagar, Ashok Nagar, Bengaluru",118,"0 Nayandahalli Main Road, Vinayaka Extension, Nayanda Halli, Bengaluru","3/1/2019 - 3/31/2019, Every day, Daily Average",1621,1136,2311
89,"0 Museum Road, Shanthala Nagar, Ashok Nagar, Bengaluru",119,"0 5th Main Road, Kempapura Agrahara, Bengaluru","3/1/2019 - 3/31/2019, Every day, Daily Average",1423,964,2099
89,"0 Museum Road, Shanthala Nagar, Ashok Nagar, Bengaluru",120,"1100 2nd Main Road, Hoshalli Extension, Stage 1, Vijaya Nagar, Bengaluru","3/1/2019 - 3/31/2019, Every day, Daily Average",1572,1105,2235
89,"0 Museum Road, Shanthala Nagar, Ashok Nagar, Bengaluru",121,"2300 9th Cross Road, Hampi Nagar, Stage 1, Vijaya Nagar, Bengaluru","3/1/2019 - 3/31/2019, Every day, Daily Average",1517,1074,2141
89,"0 Museum Road, Shanthala Nagar, Ashok Nagar, Bengaluru",122,"0 2nd Cross Road, Basaveshawara HBCS Layout 2nd Stage, Chandra Layout, Attiguppe, Bengaluru","3/1/2019 - 3/31/2019, Every day, Daily Average",1565,1078,2271
89,"0 Museum Road, Shanthala Nagar, Ashok Nagar, Bengaluru",123,"400 4th Cross Road, Vijaya Nagar II Stage, Vijaya Nagar, Bengaluru","3/1/2019 - 3/31/2019, Every day, Daily Average",1341,917,1959
89,"0 Museum Road, Shanthala Nagar, Ashok Nagar, Bengaluru",124,"0 F Street, New Guddadahalli, Bapuji Nagar, Bengaluru","3/1/2019 - 3/31/2019, Every day, Daily Average",1112,742,1664
89,"0 Museum Road, Shanthala Nagar, Ashok Nagar, Bengaluru",125,"0 4th Cross Road, Telecom Colony, Srinagar, Banashankari, Bengaluru","3/1/2019 - 3/31/2019, Every day, Daily Average",1164,775,1747
89,"0 Museum Road, Shanthala Nagar, Ashok Nagar, Bengaluru",126,"300 Mysore Road, Muthachari Industrial Estate, Deepanjali Nagar, Bengaluru","3/1/2019 - 3/31/2019, Every day, Daily Average",1407,950,2081
89,"0 Museum Road, Shanthala Nagar, Ashok Nagar, Bengaluru",127,"0 11th C Cross Road, Vinayaka Nagar, Padarayana Pura, Bengaluru","3/1/2019 - 3/31/2019, Every day, Daily Average",1298,921,1828
89,"0 Museum Road, Shanthala Nagar, Ashok Nagar, Bengaluru",128,"0 1st Main Road, Devaraj URS Nagar, Padarayana Pura, Bengaluru","3/1/2019 - 3/31/2019, Every day, Daily Average",982,655,1471
89,"0 Museum Road, Shanthala Nagar, Ashok Nagar, Bengaluru",129,"0 Chowdappa Road, Cobaley Colony, Azad Nagar, Bengaluru","3/1/2019 - 3/31/2019, Every day, Daily Average",1159,736,1823
89,"0 Museum Road, Shanthala Nagar, Ashok Nagar, Bengaluru",130,"100 5th Cross Road, Anjanappa Gardens, Cottonpete, Bengaluru","3/1/2019 - 3/31/2019, Every day, Daily Average",1130,713,1789
89,"0 Museum Road, Shanthala Nagar, Ashok Nagar, Bengaluru",131,"0 2nd Main Road, New Tharagupet, Bengaluru","3/1/2019 - 3/31/2019, Every day, Daily Average",806,511,1269
89,"0 Museum Road, Shanthala Nagar, Ashok Nagar, Bengaluru",132,"100 7th Cross Road, Chamrajpet, Bengaluru","3/1/2019 - 3/31/2019, Every day, Daily Average",921,606,1399
89,"0 Museum Road, Shanthala Nagar, Ashok Nagar, Bengaluru",133,"165, Vittal Nagar, Kasthuriba Nagar, Azad Nagar, Bengaluru","3/1/2019 - 3/31/2019, Every day, Daily Average",1021,681,1528
89,"0 Museum Road, Shanthala Nagar, Ashok Nagar, Bengaluru",134,"3rd Cross Road, Sampangi Rama Nagar, Bengaluru","3/1/2019 - 3/31/2019, Every day, Daily Average",539,305,952
89,"0 Museum Road, Shanthala Nagar, Ashok Nagar, Bengaluru",135,"59, Kalasipalyam New Extension, Kalasipalya, Bengaluru","3/1/2019 - 3/31/2019, Every day, Daily Average",586,347,987
89,"0 Museum Road, Shanthala Nagar, Ashok Nagar, Bengaluru",136,"Vaibhav Apartments, Gandhi Bazaar Main Road, Gandhi Bazaar, Basavanagudi, Bengaluru","3/1/2019 - 3/31/2019, Every day, Daily Average",1240,872,1762
89,"0 Museum Road, Shanthala Nagar, Ashok Nagar, Bengaluru",137,"0 KP Ramaiya Road, Upparahalli, Mavalli, Bengaluru","3/1/2019 - 3/31/2019, Every day, Daily Average",874,579,1317
89,"0 Museum Road, Shanthala Nagar, Ashok Nagar, Bengaluru",138,"Raja Niwas, 7th Cross Road, Arekempanahalli, Mavalli, Bengaluru","3/1/2019 - 3/31/2019, Every day, Daily Average",921,615,1378
89,"0 Museum Road, Shanthala Nagar, Ashok Nagar, Bengaluru",139,"0 16th Cross Road, Lakkasandra Extension, Wilson Garden, Bengaluru","3/1/2019 - 3/31/2019, Every day, Daily Average",660,422,1029
89,"0 Museum Road, Shanthala Nagar, Ashok Nagar, Bengaluru",140,"Nimhans Campus Road, RBI Extension, Hombegowda Nagar, Bengaluru","3/1/2019 - 3/31/2019, Every day, Daily Average",1067,736,1546
89,"0 Museum Road, Shanthala Nagar, Ashok Nagar, Bengaluru",141,"Ueda Priya House, Tara Subba Rao Road, Gavipura, Kempegowda Nagar, Bengaluru","3/1/2019 - 3/31/2019, Every day, Daily Average",1454,1033,2045
89,"0 Museum Road, Shanthala Nagar, Ashok Nagar, Bengaluru",142,"12, Srinagar, Banashankari, Bengaluru","3/1/2019 - 3/31/2019, Every day, Daily Average",1563,1119,2183
89,"0 Museum Road, Shanthala Nagar, Ashok Nagar, Bengaluru",143,"0 Subbarama Chetty Road, NR Colony, Basavanagudi, Bengaluru","3/1/2019 - 3/31/2019, Every day, Daily Average",1257,882,1790
89,"0 Museum Road, Shanthala Nagar, Ashok Nagar, Bengaluru",144,"Mandhara Niwas, 1st phase Girinagar, Banashankari Stage I, Banashankari, Bengaluru","3/1/2019 - 3/31/2019, Every day, Daily Average",1785,1294,2461
89,"0 Museum Road, Shanthala Nagar, Ashok Nagar, Bengaluru",145,"0 1st Cross Road, 4th Block, Banashankari 3rd Stage, Banashankari, Bengaluru","3/1/2019 - 3/31/2019, Every day, Daily Average",1778,1264,2499
89,"0 Museum Road, Shanthala Nagar, Ashok Nagar, Bengaluru",146,"6th Cross Road, Ashok Nagar, Banashankari Stage I, Banashankari, Bengaluru","3/1/2019 - 3/31/2019, Every day, Daily Average",1525,1067,2178
89,"0 Museum Road, Shanthala Nagar, Ashok Nagar, Bengaluru",147,"Sushma Nilayam, 6th Main Road, Hrushikesh Nagar, Dattatreya Nagar, Hosakerehalli, Bengaluru","3/1/2019 - 3/31/2019, Every day, Daily Average",1972,1390,2797
89,"0 Museum Road, Shanthala Nagar, Ashok Nagar, Bengaluru",148,"BDA Shopping Complex, 24th Cross Road, Siddanna Layout, Banashankari Stage II, Banashankari, Bengaluru","3/1/2019 - 3/31/2019, Every day, Daily Average",1744,1248,2435
89,"0 Museum Road, Shanthala Nagar, Ashok Nagar, Bengaluru",149,"300 6th Cross Road, 1st Block, 7th Block, Jayanagar, Bengaluru","3/1/2019 - 3/31/2019, Every day, Daily Average",1556,1093,2214
89,"0 Museum Road, Shanthala Nagar, Ashok Nagar, Bengaluru",150,"30/2, Sakamma Garden, Jayanagar, Bengaluru","3/1/2019 - 3/31/2019, Every day, Daily Average",1239,876,1751
89,"0 Museum Road, Shanthala Nagar, Ashok Nagar, Bengaluru",151,"200 4th Cross Road, Umarbagh Layout, Banashankari, Bengaluru","3/1/2019 - 3/31/2019, Every day, Daily Average",1896,1342,2678
89,"0 Museum Road, Shanthala Nagar, Ashok Nagar, Bengaluru",152,"1700 Vyasaraya Ballal Road, Kumaraswamy Layout I Stage, Bengaluru","3/1/2019 - 3/31/2019, Every day, Daily Average",2070,1490,2874
89,"0 Museum Road, Shanthala Nagar, Ashok Nagar, Bengaluru",153,"100 2nd Main Road, Rajathadri Kalayana Mantappa, Padmanabhanagar, Bengaluru","3/1/2019 - 3/31/2019, Every day, Daily Average",2069,1476,2898
89,"0 Museum Road, Shanthala Nagar, Ashok Nagar, Bengaluru",154,"0 9th Cross Road, Rangadasapp Layout, Pukhraj Layout, Adugodi, Ad","3/1/2019 - 3/31/2019, Every day, Daily Average",751,489,1151
89,"0 Museum Road, Shanthala Nagar, Ashok Nagar, Bengaluru",155,"900 Adugodi Main Road, Audugodi Police Quarters, Adugodi, Bengaluru","3/1/2019 - 3/31/2019, Every day, Daily Average",716,472,1085
89,"0 Museum Road, Shanthala Nagar, Ashok Nagar, Bengaluru",156,"26, Gowda Muniswamy Garden, Ejipura, Bengaluru","3/1/2019 - 3/31/2019, Every day, Daily Average",862,529,1402
89,"0 Museum Road, Shanthala Nagar, Ashok Nagar, Bengaluru",157,"Prem Complex, Koramangala 3 Block, Koramangala, Bengaluru","3/1/2019 - 3/31/2019, Every day, Daily Average",1112,747,1653
89,"0 Museum Road, Shanthala Nagar, Ashok Nagar, Bengaluru",158,"0 3rd Main Road, Bharathi Layout, Venkateshwara Layout, Suddagunte Palya, Bengaluru","3/1/2019 - 3/31/2019, Every day, Daily Average",1084,721,1628
89,"0 Museum Road, Shanthala Nagar, Ashok Nagar, Bengaluru",159,"0 34th Main Road, 1st Phase, JP Nagar, Bengaluru","3/1/2019 - 3/31/2019, Every day, Daily Average",1840,1280,2644
89,"0 Museum Road, Shanthala Nagar, Ashok Nagar, Bengaluru",160,"0 8th Cross Road, Teacher's Colony, Jakkasandra, 1st Block Koramangala, HSR Layout 5th Sector, Bengaluru","3/1/2019 - 3/31/2019, Every day, Daily Average",1471,989,2185
89,"0 Museum Road, Shanthala Nagar, Ashok Nagar, Bengaluru",161,"1100 16th Main Road, MCHS Colony, Stage 2, BTM 2nd Stage, Bengaluru","3/1/2019 - 3/31/2019, Every day, Daily Average",1518,1011,2277
89,"0 Museum Road, Shanthala Nagar, Ashok Nagar, Bengaluru",162,"Raghva Niwas, 38th Cross Road, 4th T Block East, Pattabhirama Nagar, Jayanagar, Bengaluru","3/1/2019 - 3/31/2019, Every day, Daily Average",1443,1022,2036
89,"0 Museum Road, Shanthala Nagar, Ashok Nagar, Bengaluru",163,"100 16 A Main Road, Canara Bank Colony, Jayanagar 3rd Block East, Jayanagar, Bengaluru","3/1/2019 - 3/31/2019, Every day, Daily Average",1299,927,1819
89,"0 Museum Road, Shanthala Nagar, Ashok Nagar, Bengaluru",164,"725-44, TMC Layout, 1st Phase, JP Nagar, Bengaluru","3/1/2019 - 3/31/2019, Every day, Daily Average",1645,1160,2332
89,"0 Museum Road, Shanthala Nagar, Ashok Nagar, Bengaluru",165,"State Highway 35, Devasthanagalu, Gunjur Village, Bengaluru","3/1/2019 - 3/31/2019, Every day, Daily Average",2129,1444,3137
89,"0 Museum Road, Shanthala Nagar, Ashok Nagar, Bengaluru",166,"Bellandur - Doddakannelli Road, Adarsh Palm Retreat, Bellandur, Bengaluru","3/1/2019 - 3/31/2019, Every day, Daily Average",1877,1159,3037
89,"0 Museum Road, Shanthala Nagar, Ashok Nagar, Bengaluru",167,"300 5B Road, Shivaji Nagar, Basavanna Nagar, Whitefield, Bengaluru","3/1/2019 - 3/31/2019, Every day, Daily Average",2694,1905,3809
89,"0 Museum Road, Shanthala Nagar, Ashok Nagar, Bengaluru",168,"Patalamma Layout, V S Reddy Colony, Kadugodi, Bengaluru","3/1/2019 - 3/31/2019, Every day, Daily Average",3223,2308,4500
89,"0 Museum Road, Shanthala Nagar, Ashok Nagar, Bengaluru",169,"M4, Phase 1, Whitefield, Bengaluru","3/1/2019 - 3/31/2019, Every day, Daily Average",2907,1993,4239
89,"0 Museum Road, Shanthala Nagar, Ashok Nagar, Bengaluru",170,"Shriram Spurthi, Road, Sri Nivasa Reddy Layout, AECS Layout, Brookefield, Bengaluru","3/1/2019 - 3/31/2019, Every day, Daily Average",2130,1472,3080
89,"0 Museum Road, Shanthala Nagar, Ashok Nagar, Bengaluru",171,"2200 15th B Cross Road, Vanganahalli, 1st Sector, HSR Layout, Bengaluru","3/1/2019 - 3/31/2019, Every day, Daily Average",1821,1239,2675
89,"0 Museum Road, Shanthala Nagar, Ashok Nagar, Bengaluru",172,"200 4th A Main Road, Roopena Agrahara, Bommanahalli, Bengaluru","3/1/2019 - 3/31/2019, Every day, Daily Average",1937,1267,2958
89,"0 Museum Road, Shanthala Nagar, Ashok Nagar, Bengaluru",173,"Raj Kumar Statue Road, Jarganahalli, JP Nagar Phase 6, JP Nagar, Bengaluru","3/1/2019 - 3/31/2019, Every day, Daily Average",2040,1425,2919
89,"0 Museum Road, Shanthala Nagar, Ashok Nagar, Bengaluru",174,"0 5th Cross Road, 5th Phase, T Muniyappa Layout, Sahyadri Layout, Bengaluru","3/1/2019 - 3/31/2019, Every day, Daily Average",2043,1398,2984
89,"0 Museum Road, Shanthala Nagar, Ashok Nagar, Bengaluru",175,"100 Devarachikkanahalli Road, Shanbogh Naggappa Layout, Vijaya Bank Layout, Bilekahalli, Bengaluru","3/1/2019 - 3/31/2019, Every day, Daily Average",1742,1161,2613
89,"0 Museum Road, Shanthala Nagar, Ashok Nagar, Bengaluru",176,"0 2nd Cross Road, Hongasandra, Bengaluru","3/1/2019 - 3/31/2019, Every day, Daily Average",1865,1243,2796
89,"0 Museum Road, Shanthala Nagar, Ashok Nagar, Bengaluru",177,"100 11th Main Road, Hosapalaya, Muneshwara Nagar, Bengaluru","3/1/2019 - 3/31/2019, Every day, Daily Average",1964,1336,2886
89,"0 Museum Road, Shanthala Nagar, Ashok Nagar, Bengaluru",178,"Unnamed Road, Sai Meadows, Parappana Agrahara, Bengaluru","3/1/2019 - 3/31/2019, Every day, Daily Average",2103,1452,3043
89,"0 Museum Road, Shanthala Nagar, Ashok Nagar, Bengaluru",179,"100 Hulimavu Lake Road, Krishna Layout, Hulimavu, Bengaluru","3/1/2019 - 3/31/2019, Every day, Daily Average",2326,1560,3466
89,"0 Museum Road, Shanthala Nagar, Ashok Nagar, Bengaluru",180,"4th Cross Road, Jayanagar housing society layout, Subramanyapura, Bengaluru","3/1/2019 - 3/31/2019, Every day, Daily Average",2435,1776,3338
89,"0 Museum Road, Shanthala Nagar, Ashok Nagar, Bengaluru",181,"300 9th Cross Road, Prathiba Industrial Estate, Kumaraswamy Layout, Bengaluru","3/1/2019 - 3/31/2019, Every day, Daily Average",2147,1497,3077
89,"0 Museum Road, Shanthala Nagar, Ashok Nagar, Bengaluru",182,"469/2, Begur, Bengaluru","3/1/2019 - 3/31/2019, Every day, Daily Average",2272,1573,3280
89,"0 Museum Road, Shanthala Nagar, Ashok Nagar, Bengaluru",183,"1st G Cross, Royal Lake Front Phase1 and 2, Gottigere, Bengaluru","3/1/2019 - 3/31/2019, Every day, Daily Average",2571,1668,3960
89,"0 Museum Road, Shanthala Nagar, Ashok Nagar, Bengaluru",184,"0 1st Main Road, Sheryas Colony, 8th Phase, JP Nagar, Bengaluru","3/1/2019 - 3/31/2019, Every day, Daily Average",2466,1743,3488
89,"0 Museum Road, Shanthala Nagar, Ashok Nagar, Bengaluru",185,"Anjanapura 80 Feet Road, Anjanapura Village, Anjanapura Township, Bengaluru","3/1/2019 - 3/31/2019, Every day, Daily Average",2767,1923,3979
89,"0 Museum Road, Shanthala Nagar, Ashok Nagar, Bengaluru",186,"NITTE Meenakshi College Road, BSF Campus, Yelahanka, Bengaluru","3/1/2019 - 3/31/2019, Every day, Daily Average",1794,1243,2587
89,"0 Museum Road, Shanthala Nagar, Ashok Nagar, Bengaluru",187,"0 Kithaganur Main Road, Thambu Chetty Palya, Battarahalli, Bengaluru","3/1/2019 - 3/31/2019, Every day, Daily Average",2019,1435,2839
89,"0 Museum Road, Shanthala Nagar, Ashok Nagar, Bengaluru",188,"300 8th A Cross Road, Health Layout, Chandrashekhara Layout, Annapurneshwari Nagar, Bengaluru","3/1/2019 - 3/31/2019, Every day, Daily Average",1922,1351,2733
89,"0 Museum Road, Shanthala Nagar, Ashok Nagar, Bengaluru",189,"400 East End Main Road, Corporation Colony, Jayanagara 9th Block, Jayanagar, Bengaluru","3/1/2019 - 3/31/2019, Every day, Daily Average",1293,869,1923
89,"0 Museum Road, Shanthala Nagar, Ashok Nagar, Bengaluru",190,"0 F Cross Road, Krishnappa Garden, 1st Stage, BTM Layout, Bengaluru","3/1/2019 - 3/31/2019, Every day, Daily Average",1212,803,1829
89,"0 Museum Road, Shanthala Nagar, Ashok Nagar, Bengaluru",191,"500 1st Main Road, Bhuvaneshwari Nagar, Banashankari, Bengaluru","3/1/2019 - 3/31/2019, Every day, Daily Average",1987,1411,2796
89,"0 Museum Road, Shanthala Nagar, Ashok Nagar, Bengaluru",192,"0 1st Main Road, Kuvempu Nagar, Konanakunte, Bengaluru","3/1/2019 - 3/31/2019, Every day, Daily Average",2326,1660,3259
89,"0 Museum Road, Shanthala Nagar, Ashok Nagar, Bengaluru",193,"100 4th Cross Road, 3rd Phase, JP Nagar, Bengaluru","3/1/2019 - 3/31/2019, Every day, Daily Average",1599,1087,2351
89,"0 Museum Road, Shanthala Nagar, Ashok Nagar, Bengaluru",194,"0 1st B Cross Road, Cashier Layout, 1st Stage, BTM Layout, Bengaluru","3/1/2019 - 3/31/2019, Every day, Daily Average",1604,1059,2427
89,"0 Museum Road, Shanthala Nagar, Ashok Nagar, Bengaluru",195,"Kalkere-Agara Main Road, Horamavu Agara, Kalkere, Bengaluru","3/1/2019 - 3/31/2019, Every day, Daily Average",2148,1561,2954
89,"0 Museum Road, Shanthala Nagar, Ashok Nagar, Bengaluru",196,"0 Horamavu Agara Main Road, 1st Block, Mallappa Layout, Prakruthi Township, Bengaluru","3/1/2019 - 3/31/2019, Every day, Daily Average",1997,1401,2844
89,"0 Museum Road, Shanthala Nagar, Ashok Nagar, Bengaluru",197,"0 3rd Cross Road, Manjunatha Layout, Marathahalli Village, Marathahalli, Bengaluru","3/1/2019 - 3/31/2019, Every day, Daily Average",1723,1224,2423
89,"0 Museum Road, Shanthala Nagar, Ashok Nagar, Bengaluru",198,"BGS Road, Kodipalya, Bengaluru","3/1/2019 - 3/31/2019, Every day, Daily Average",2094,1415,3097
